                  epoch,         train/box_loss,         train/cls_loss,         train/dfl_loss,   metrics/precision(B),      metrics/recall(B),       metrics/mAP50(B),    metrics/mAP50-95(B),           val/box_loss,           val/cls_loss,           val/dfl_loss,                 lr/pg0,                 lr/pg1,                 lr/pg2
                      1,                  5.184,                 6.9055,                 4.2028,                      0,                      0,                      0,                      0,                 2.6188,                 76.525,                 2.0813,                0.00011,                0.00011,                0.00011
                      2,                 5.2065,                 6.6807,                 4.1624,                      0,                      0,                      0,                      0,                 2.6117,                 76.515,                 2.0795,             0.00022977,             0.00022977,             0.00022977
                      3,                  5.125,                 6.3498,                 4.1132,                      0,                      0,                      0,                      0,                 2.5963,                 68.612,                 2.0706,             0.00034931,             0.00034931,             0.00034931
                      4,                 5.2939,                 6.4492,                 4.0684,                      0,                      0,                      0,                      0,                 2.5693,                 65.522,                 2.0484,              0.0004686,              0.0004686,              0.0004686
                      5,                 5.0222,                 7.5527,                 3.9863,                      0,                      0,                      0,                      0,                 2.5606,                 23.642,                 2.0374,             0.00058766,             0.00058766,             0.00058766
                      6,                 4.2236,                 5.5835,                 3.8263,                      0,                      0,                      0,                      0,                 2.6195,                 22.386,                 2.0762,             0.00070649,             0.00070649,             0.00070649
                      7,                 3.9185,                 5.1546,                 3.7346,                      0,                      0,                      0,                      0,                 2.0122,                 26.588,                 1.7881,             0.00082507,             0.00082507,             0.00082507
                      8,                 3.7485,                 4.9457,                 3.4826,                      0,                      0,                      0,                      0,                 2.0266,                 26.732,                 1.7842,             0.00094342,             0.00094342,             0.00094342
                      9,                 3.7115,                 4.8638,                 3.4732,                0.00446,                0.25833,                0.00685,                 0.0019,                 1.6102,                 33.817,                 1.5827,             0.00099208,             0.00099208,             0.00099208
                     10,                  3.378,                 4.6044,                 3.2854,                0.88995,                0.08095,                0.06489,                0.01904,                  1.515,                 36.425,                 1.4933,             0.00099208,             0.00099208,             0.00099208
                     11,                 3.3916,                 4.5575,                 3.1532,                0.75432,                0.08162,                0.07823,                 0.0247,                 1.4118,                 48.985,                 1.5188,             0.00099109,             0.00099109,             0.00099109
                     12,                 3.2637,                 4.8305,                 3.1666,                0.78616,                0.13095,                0.10845,                0.05236,                 1.3613,                   28.2,                 1.6231,              0.0009901,              0.0009901,              0.0009901
                     13,                 3.0111,                 4.1073,                  3.027,                0.89669,                0.08095,                0.08881,                0.03452,                 1.3484,                 77.564,                 1.4565,             0.00098911,             0.00098911,             0.00098911
                     14,                 3.1357,                 4.2036,                 3.0294,                 0.9027,                0.08571,                0.08946,                0.04794,                 1.2355,                 43.532,                 1.4718,             0.00098812,             0.00098812,             0.00098812
                     15,                 2.9774,                 3.8558,                 2.9171,                0.72163,                0.21748,                0.08463,                0.04507,                 1.2045,                 40.112,                 1.4542,             0.00098713,             0.00098713,             0.00098713
                     16,                 2.9816,                 4.3766,                 2.8056,                0.91259,                0.12092,                0.10942,                 0.0536,                 1.2147,                 32.418,                 1.4243,             0.00098614,             0.00098614,             0.00098614
                     17,                 2.9231,                 4.1481,                 2.8725,                0.74557,                0.12844,                0.11431,                0.06412,                 1.1555,                 24.547,                 1.3752,             0.00098515,             0.00098515,             0.00098515
                     18,                 2.8531,                 4.0055,                 2.7733,                 0.9028,                0.09529,                0.09044,                0.04109,                 1.3017,                 18.046,                 1.3985,             0.00098416,             0.00098416,             0.00098416
                     19,                 2.8163,                 3.8742,                 2.8088,                0.92061,                0.14286,                0.11115,                0.06249,                 1.1311,                 25.648,                 1.3198,             0.00098317,             0.00098317,             0.00098317
                     20,                 2.7223,                 3.4806,                 2.6699,                0.93061,                0.14286,                0.12836,                0.07357,                  1.138,                 28.976,                  1.325,             0.00098218,             0.00098218,             0.00098218
                     21,                 2.6286,                 3.7106,                 2.6647,                0.74049,                0.17381,                0.14093,                 0.0812,                 1.0508,                 24.073,                 1.3107,             0.00098119,             0.00098119,             0.00098119
                     22,                 2.6815,                 3.3519,                 2.6499,                0.72697,                 0.0621,                0.08595,                0.03616,                 1.0876,                 17.481,                 1.3271,              0.0009802,              0.0009802,              0.0009802
                     23,                 2.5195,                 3.4847,                 2.6157,                0.75516,                0.19174,                0.14422,                0.07759,                 1.0495,                 16.186,                  1.325,             0.00097921,             0.00097921,             0.00097921
                     24,                 2.4688,                 3.2763,                 2.6292,                0.93843,                0.13009,                0.15109,                0.07753,                 1.0512,                 18.755,                 1.3026,             0.00097822,             0.00097822,             0.00097822
                     25,                 2.3709,                 3.1992,                 2.4591,                0.76993,                0.17262,                0.12653,                0.06011,                 1.0861,                 18.846,                 1.2735,             0.00097723,             0.00097723,             0.00097723
                     26,                 2.4237,                 3.2281,                 2.4954,                 0.7909,                0.17178,                0.14609,                0.07798,                 1.0582,                 15.376,                 1.2716,             0.00097624,             0.00097624,             0.00097624
                     27,                 2.4367,                 3.1365,                 2.4864,                0.79408,                0.16786,                0.14134,                0.05994,                  1.221,                  16.37,                 1.3554,             0.00097525,             0.00097525,             0.00097525
                     28,                 2.4194,                 2.8779,                 2.4529,                0.93587,                0.12945,                0.15961,                0.07391,                 1.1106,                 18.125,                 1.3327,             0.00097426,             0.00097426,             0.00097426
                     29,                 2.5288,                 2.9772,                 2.5274,                0.92581,                 0.1381,                0.17673,                0.09495,                0.99661,                  19.23,                 1.2604,             0.00097327,             0.00097327,             0.00097327
                     30,                 2.8338,                 4.5513,                 2.6113,                0.90224,                 0.1619,                0.15344,                0.07104,                 1.6386,                 20.932,                 1.5951,             0.00097228,             0.00097228,             0.00097228
                     31,                 2.5523,                 4.4069,                 2.3995,                0.78365,                0.18197,                0.15628,                0.07448,                 1.9159,                 20.451,                 1.5671,             0.00097129,             0.00097129,             0.00097129
                     32,                 2.4307,                 2.9741,                 2.4477,                0.78146,                0.21071,                0.20265,                0.10378,                 2.2035,                 25.761,                 1.7236,              0.0009703,              0.0009703,              0.0009703
                     33,                 2.4744,                 3.1301,                 2.4613,                0.93713,                0.11905,                0.19955,                0.11165,                 1.0296,                 16.442,                 1.2166,             0.00096931,             0.00096931,             0.00096931
                     34,                 2.3844,                 3.0764,                 2.4443,                0.61455,                 0.1902,                0.18734,                0.10285,                 1.0868,                 21.594,                  1.233,             0.00096832,             0.00096832,             0.00096832
                     35,                 2.2739,                 2.8171,                 2.3233,                 0.4912,                0.32601,                0.20556,                0.08288,                 1.5447,                 45.186,                 1.4198,             0.00096733,             0.00096733,             0.00096733
                     36,                 2.2773,                 2.9024,                  2.267,                0.48322,                0.31723,                0.19966,                0.11682,                  1.501,                 22.542,                 1.3775,             0.00096634,             0.00096634,             0.00096634
                     37,                 2.2622,                 2.6889,                 2.3123,                0.64361,                0.34881,                0.20066,                0.08851,                 2.7399,                  31.18,                 1.9342,             0.00096535,             0.00096535,             0.00096535
                     38,                 2.4575,                 3.1236,                 2.3923,                0.53699,                0.45996,                0.23826,                0.11151,                  4.252,                 45.497,                 2.6037,             0.00096436,             0.00096436,             0.00096436
                     39,                 2.3016,                    2.6,                 2.2043,                0.79152,                0.21548,                0.17251,                0.08157,                 1.2157,                 19.817,                 1.2701,             0.00096337,             0.00096337,             0.00096337
                     40,                 2.3394,                 2.8301,                 2.3055,                0.58465,                0.36201,                0.28204,                0.13399,                  1.293,                 17.287,                 1.2906,             0.00096238,             0.00096238,             0.00096238
                     41,                 2.2571,                 2.6934,                 2.2184,                0.65215,                0.36012,                0.23459,                0.12904,                0.98265,                 16.909,                 1.1561,             0.00096139,             0.00096139,             0.00096139
                     42,                 2.1782,                 2.6176,                  2.178,                0.67713,                0.30238,                0.23314,                0.11447,                 1.6025,                 16.558,                 1.3938,              0.0009604,              0.0009604,              0.0009604
                     43,                  2.173,                 2.6126,                 2.1668,                0.69877,                0.34403,                0.31497,                0.15058,                0.99341,                 17.134,                 1.1423,             0.00095941,             0.00095941,             0.00095941
                     44,                  2.205,                 2.5598,                 2.1579,                0.66611,                0.38214,                0.27789,                 0.1578,                 0.8598,                 22.265,                 1.0813,             0.00095842,             0.00095842,             0.00095842
                     45,                 2.0208,                 2.5354,                 2.0705,                0.59564,                 0.3742,                0.29152,                0.16109,                0.85436,                 19.954,                 1.0692,             0.00095743,             0.00095743,             0.00095743
                     46,                 2.1369,                 2.5585,                 2.1349,                0.44962,                0.34251,                0.31606,                 0.1615,                0.86332,                 15.109,                 1.0905,             0.00095644,             0.00095644,             0.00095644
                     47,                 2.0967,                 2.3645,                 2.1148,                 0.6763,                0.38075,                0.30799,                 0.1705,                0.83623,                 11.941,                 1.0543,             0.00095545,             0.00095545,             0.00095545
                     48,                 2.1078,                 2.4632,                 2.0449,                0.40934,                0.36326,                0.30236,                 0.1612,                 0.8665,                 14.329,                 1.0864,             0.00095446,             0.00095446,             0.00095446
                     49,                 2.1214,                  2.492,                   2.16,                0.63606,                0.39183,                 0.3304,                0.18432,                0.87478,                 13.399,                 1.0801,             0.00095347,             0.00095347,             0.00095347
                     50,                 2.1231,                 2.5726,                 2.1732,                0.63333,                0.40435,                0.33742,                0.15245,                 1.2186,                 10.888,                 1.2204,             0.00095248,             0.00095248,             0.00095248
                     51,                 1.9478,                 2.0779,                 1.9963,                0.66527,                0.45699,                0.32121,                0.18203,                 1.2363,                 9.3711,                  1.164,             0.00095149,             0.00095149,             0.00095149
                     52,                 2.0789,                 2.4156,                 2.1364,                0.48586,                0.47481,                0.35594,                 0.2045,                 1.2677,                 17.537,                 1.1667,              0.0009505,              0.0009505,              0.0009505
                     53,                 2.0025,                 2.1886,                 1.9661,                0.48832,                 0.4513,                0.33526,                 0.1739,                 0.8691,                 7.3417,                 1.0649,             0.00094951,             0.00094951,             0.00094951
                     54,                 1.9755,                 2.2618,                 2.0676,                0.45654,                0.36291,                0.30359,                0.15246,                  0.905,                 5.3815,                 1.1064,             0.00094852,             0.00094852,             0.00094852
                     55,                 1.9478,                 2.2919,                 1.9716,                0.61208,                0.39773,                0.34055,                 0.1745,                0.87392,                 8.3884,                  1.068,             0.00094753,             0.00094753,             0.00094753
                     56,                 1.9296,                  2.169,                 1.9387,                0.59925,                0.39668,                0.31557,                 0.1849,                0.96315,                 11.032,                 1.1176,             0.00094654,             0.00094654,             0.00094654
                     57,                 1.9863,                 2.4463,                 2.0713,                0.68983,                0.35953,                0.38077,                0.20641,                 1.2206,                 7.3365,                 1.1795,             0.00094555,             0.00094555,             0.00094555
                     58,                 1.9438,                 2.2251,                 1.9971,                0.52111,                0.46781,                0.40156,                0.21382,                 3.2566,                 9.1654,                 1.8313,             0.00094456,             0.00094456,             0.00094456
                     59,                 1.9935,                 2.6806,                 1.8881,                0.59344,                0.45986,                0.44613,                0.22423,                 2.0875,                 10.671,                 1.4292,             0.00094357,             0.00094357,             0.00094357
                     60,                 1.8791,                 2.1987,                 1.9577,                0.72745,                0.43786,                0.43274,                0.22487,                 1.2667,                 7.6083,                 1.1474,             0.00094258,             0.00094258,             0.00094258
                     61,                 1.9261,                 2.1016,                 1.9736,                0.51882,                0.45304,                0.38062,                0.18594,                 1.1737,                 10.282,                 1.1646,             0.00094159,             0.00094159,             0.00094159
                     62,                 1.9759,                 2.2413,                 1.9969,                 0.5008,                 0.4973,                0.43509,                0.20975,                 1.9447,                 11.813,                 1.4378,              0.0009406,              0.0009406,              0.0009406
                     63,                 1.9094,                 2.0964,                 1.8697,                0.55335,                0.52233,                  0.402,                0.22426,                 1.6297,                 11.525,                 1.2937,             0.00093961,             0.00093961,             0.00093961
                     64,                   1.98,                 2.2217,                 1.8753,                0.50392,                0.58766,                0.38059,                0.20735,                0.91623,                 19.678,                 1.0257,             0.00093862,             0.00093862,             0.00093862
                     65,                 1.8551,                 2.1135,                 1.8818,                0.67646,                0.49075,                0.41758,                 0.2302,                0.78427,                 6.2874,                0.96596,             0.00093763,             0.00093763,             0.00093763
                     66,                   1.84,                  2.002,                 1.8482,                0.51964,                0.52564,                0.43174,                0.24132,                 1.0847,                 6.2422,                 1.1009,             0.00093664,             0.00093664,             0.00093664
                     67,                 1.8173,                 1.9207,                 1.8682,                0.53056,                0.56984,                0.44441,                0.22841,                 2.2612,                 9.3799,                 1.6184,             0.00093565,             0.00093565,             0.00093565
                     68,                 1.8869,                 1.9018,                 1.8391,                0.53979,                 0.4766,                0.45106,                0.25406,                 1.3714,                 7.4037,                 1.2299,             0.00093466,             0.00093466,             0.00093466
                     69,                 1.8608,                 2.1646,                 1.8684,                0.53818,                 0.5014,                0.46684,                0.23373,                0.85015,                 5.1342,                 0.9865,             0.00093367,             0.00093367,             0.00093367
                     70,                 1.7886,                 1.8053,                 1.8302,                0.71963,                0.54187,                0.48922,                0.27098,                0.77955,                 3.8235,                0.94874,             0.00093268,             0.00093268,             0.00093268
                     71,                 1.8309,                 2.0585,                 1.9132,                 0.8046,                0.50968,                0.48558,                0.25381,                0.84525,                 7.5649,                0.98953,             0.00093169,             0.00093169,             0.00093169
                     72,                 1.7575,                  1.822,                 1.7705,                 0.5937,                 0.5598,                0.48753,                0.27572,                0.76378,                  5.053,                0.92954,              0.0009307,              0.0009307,              0.0009307
                     73,                 1.7444,                 1.8096,                 1.8077,                 0.5021,                0.54889,                0.48736,                0.26344,                0.78334,                 7.6354,                0.94898,             0.00092971,             0.00092971,             0.00092971
                     74,                 1.8244,                 1.9248,                 1.8354,                0.60042,                0.60303,                0.49081,                0.27526,                0.79344,                 6.9714,                0.95972,             0.00092872,             0.00092872,             0.00092872
                     75,                 1.7685,                 1.8489,                 1.7228,                0.53926,                0.53619,                0.45309,                0.25027,                0.79751,                 5.2478,                0.96588,             0.00092773,             0.00092773,             0.00092773
                     76,                 1.7962,                 1.9485,                 1.8156,                0.57869,                0.55035,                0.46676,                 0.2642,                0.79188,                  7.906,                0.95155,             0.00092674,             0.00092674,             0.00092674
                     77,                 1.6925,                 2.5884,                 1.7401,                0.60446,                0.57379,                0.48267,                0.26289,                0.81154,                 6.0247,                0.95355,             0.00092575,             0.00092575,             0.00092575
                     78,                 1.7757,                 1.9341,                 1.7475,                0.61481,                0.66167,                0.52775,                0.26183,                0.76924,                 8.1641,                0.91792,             0.00092476,             0.00092476,             0.00092476
                     79,                  1.653,                 1.7181,                 1.6701,                0.73785,                0.63803,                0.56822,                0.27663,                0.76435,                 11.887,                0.93316,             0.00092377,             0.00092377,             0.00092377
                     80,                 1.7273,                 1.8814,                 1.7727,                0.56557,                0.57074,                0.48824,                0.26176,                0.77675,                 15.092,                0.94146,             0.00092278,             0.00092278,             0.00092278
                     81,                 1.7032,                 1.6128,                 1.7296,                 0.5189,                0.55315,                0.47524,                 0.2463,                0.87651,                 13.911,                 1.0059,             0.00092179,             0.00092179,             0.00092179
                     82,                 1.8099,                 2.0108,                 1.7621,                0.61998,                0.60782,                 0.5007,                0.28111,                0.97644,                   12.9,                0.98008,              0.0009208,              0.0009208,              0.0009208
                     83,                 1.6522,                 1.7366,                 1.6404,                0.64649,                 0.5737,                0.47638,                 0.2504,                 1.0504,                 10.961,                 1.0551,             0.00091981,             0.00091981,             0.00091981
                     84,                  1.687,                 1.7083,                  1.685,                0.57086,                0.53938,                0.45826,                 0.2511,                0.80145,                 10.464,                0.97398,             0.00091882,             0.00091882,             0.00091882
                     85,                 1.7159,                 1.7279,                 1.7565,                0.57001,                0.56734,                0.48007,                  0.264,                0.82915,                 6.4185,                 1.0025,             0.00091783,             0.00091783,             0.00091783
                     86,                 1.6596,                 1.6771,                 1.6936,                0.61668,                0.57531,                0.52018,                0.28103,                 0.7518,                 5.8677,                0.89805,             0.00091684,             0.00091684,             0.00091684
                     87,                 1.7544,                 1.7058,                 1.7145,                  0.647,                0.48688,                0.50597,                0.26445,                0.75374,                 7.6737,                0.90732,             0.00091585,             0.00091585,             0.00091585
                     88,                 1.6483,                 1.7301,                  1.662,                0.54961,                0.57028,                0.49602,                0.29939,                0.72982,                 14.373,                 0.8998,             0.00091486,             0.00091486,             0.00091486
                     89,                 1.6872,                  1.719,                 1.6653,                0.61973,                0.60932,                0.49736,                 0.2805,                0.75559,                 7.3301,                0.92459,             0.00091387,             0.00091387,             0.00091387
                     90,                 1.6317,                 1.6756,                 1.6382,                0.62021,                0.64913,                0.51142,                 0.2879,                0.74125,                 8.9285,                0.89362,             0.00091288,             0.00091288,             0.00091288
                     91,                  1.664,                 1.5998,                  1.673,                0.74382,                0.59692,                0.55222,                 0.2945,                0.78767,                 10.695,                0.93276,             0.00091189,             0.00091189,             0.00091189
                     92,                 1.5846,                 1.5638,                 1.6538,                0.66268,                0.50314,                0.51217,                0.25904,                0.87852,                 16.541,                0.97898,              0.0009109,              0.0009109,              0.0009109
                     93,                 1.6722,                  1.606,                 1.6241,                0.62471,                0.63287,                0.50992,                0.29861,                0.74184,                 11.957,                0.88951,             0.00090991,             0.00090991,             0.00090991
                     94,                 1.6049,                 1.5727,                 1.5754,                 0.6397,                0.56823,                0.53407,                0.28421,                  0.759,                 8.5559,                0.91109,             0.00090892,             0.00090892,             0.00090892
                     95,                 1.5351,                 1.5439,                 1.5473,                0.78072,                0.55532,                 0.5324,                0.30748,                0.73705,                 8.5899,                0.88862,             0.00090793,             0.00090793,             0.00090793
                     96,                  1.646,                 1.6631,                 1.6432,                0.61792,                0.62761,                0.49792,                0.30358,                0.72434,                 5.2073,                0.87214,             0.00090694,             0.00090694,             0.00090694
                     97,                  1.567,                 1.5438,                 1.6358,                0.66212,                0.56832,                0.49985,                0.29153,                0.72563,                 5.9677,                0.86692,             0.00090595,             0.00090595,             0.00090595
                     98,                 1.6038,                 1.5844,                 1.5952,                0.69679,                 0.5505,                0.49089,                0.26799,                 0.7829,                 13.371,                0.91147,             0.00090496,             0.00090496,             0.00090496
                     99,                 1.6324,                 1.7618,                 1.6143,                0.55734,                0.60489,                0.49328,                0.25993,                0.76749,                 10.084,                0.91608,             0.00090397,             0.00090397,             0.00090397
                    100,                 1.5266,                 1.5511,                 1.5177,                0.84171,                0.43899,                0.48115,                0.27266,                0.76774,                 12.698,                0.93471,             0.00090298,             0.00090298,             0.00090298
                    101,                 1.5697,                 1.6688,                 1.6405,                0.80148,                0.58803,                0.46886,                0.26253,                0.77576,                 16.111,                0.92288,             0.00090199,             0.00090199,             0.00090199
                    102,                  1.574,                 1.5034,                 1.5369,                0.79275,                0.53835,                  0.529,                0.28717,                0.78694,                 7.6917,                0.95756,               0.000901,               0.000901,               0.000901
                    103,                  1.517,                 2.4935,                 1.5113,                0.56843,                 0.5561,                0.49798,                0.28498,                0.75745,                 5.3891,                0.89131,             0.00090001,             0.00090001,             0.00090001
                    104,                 1.5763,                 1.5894,                 1.5633,                0.73009,                0.41509,                0.44647,                0.22283,                  0.822,                 13.276,                 0.9122,             0.00089902,             0.00089902,             0.00089902
                    105,                 1.5784,                  1.558,                 1.6222,                0.63823,                0.50411,                0.44201,                 0.2508,                 1.5434,                 22.443,                  1.147,             0.00089803,             0.00089803,             0.00089803
                    106,                  1.582,                 1.5427,                 1.5278,                0.56535,                0.64053,                0.51436,                0.28914,                0.86206,                 16.156,                0.94955,             0.00089704,             0.00089704,             0.00089704
                    107,                 1.5475,                 1.5134,                 1.5903,                0.61948,                 0.6565,                0.52302,                0.29569,                0.80898,                 6.2937,                0.91561,             0.00089605,             0.00089605,             0.00089605
                    108,                 1.5883,                 1.5489,                 1.5688,                 0.6692,                0.57127,                0.55556,                0.32322,                0.77824,                 8.0207,                0.89708,             0.00089506,             0.00089506,             0.00089506
                    109,                 1.5897,                 1.4494,                 1.5858,                0.62254,                0.58575,                0.53714,                0.31805,                0.76668,                 9.8562,                0.89916,             0.00089407,             0.00089407,             0.00089407
                    110,                  1.594,                 1.7375,                 1.5672,                0.68664,                0.66861,                0.58815,                0.31741,                0.78051,                 5.5994,                0.91074,             0.00089308,             0.00089308,             0.00089308
                    111,                 1.5024,                 1.4494,                 1.5375,                 0.6013,                0.57577,                0.53048,                0.28179,                0.78109,                 4.6917,                0.89758,             0.00089209,             0.00089209,             0.00089209
                    112,                 1.5183,                 1.4716,                 1.5254,                0.64876,                0.62828,                 0.5361,                0.32191,                0.73819,                 3.3585,                0.86975,              0.0008911,              0.0008911,              0.0008911
                    113,                 1.4746,                 1.4079,                  1.532,                0.64348,                0.65044,                0.54785,                0.31813,                 0.7283,                 9.5162,                0.86465,             0.00089011,             0.00089011,             0.00089011
                    114,                  1.506,                 1.5066,                 1.5219,                0.62391,                0.65678,                0.52525,                0.29703,                 1.5195,                 16.327,                 1.1512,             0.00088912,             0.00088912,             0.00088912
                    115,                 1.5817,                 1.4973,                 1.6168,                  0.651,                0.64809,                0.54999,                0.31362,                 1.0396,                 9.8417,                0.97356,             0.00088813,             0.00088813,             0.00088813
                    116,                 1.5179,                 1.4677,                 1.6128,                0.63418,                0.64317,                0.53706,                0.30499,                0.78917,                 14.402,                0.89018,             0.00088714,             0.00088714,             0.00088714
                    117,                 1.6067,                 1.5702,                 1.5672,                0.74356,                0.61158,                0.57023,                0.28473,                 1.1245,                 12.709,                 1.0277,             0.00088615,             0.00088615,             0.00088615
                    118,                 1.5621,                 1.5022,                 1.5154,                 0.6262,                0.54481,                0.54682,                0.29795,                 1.4492,                 9.2443,                 1.1057,             0.00088516,             0.00088516,             0.00088516
                    119,                 1.4848,                 1.3821,                 1.5136,                0.74765,                 0.5493,                0.59402,                0.34175,                 2.6446,                  11.44,                 1.4975,             0.00088417,             0.00088417,             0.00088417
                    120,                 1.5151,                 1.3695,                   1.51,                0.70657,                0.58851,                 0.5585,                0.31582,                 3.4421,                 13.818,                 1.7692,             0.00088318,             0.00088318,             0.00088318
                    121,                 1.4682,                 1.4192,                 1.5323,                0.65495,                0.64174,                0.54222,                0.29951,                 3.8092,                 11.848,                 1.9023,             0.00088219,             0.00088219,             0.00088219
                    122,                 1.6018,                 1.5876,                 1.5934,                0.70797,                0.68308,                 0.5782,                0.31495,                 3.6634,                 9.2475,                 1.8787,              0.0008812,              0.0008812,              0.0008812
                    123,                 1.4828,                 1.4142,                 1.5268,                0.71232,                0.60107,                 0.5762,                0.32548,                  3.648,                 10.656,                 1.8657,             0.00088021,             0.00088021,             0.00088021
                    124,                 1.5486,                 1.5305,                 1.5171,                 0.6915,                0.61283,                0.56748,                0.30536,                  3.263,                 23.261,                 1.7469,             0.00087922,             0.00087922,             0.00087922
                    125,                  1.496,                 1.3974,                 1.5349,                 0.6529,                0.70229,                0.57194,                0.33745,                 1.7469,                  12.41,                 1.1934,             0.00087823,             0.00087823,             0.00087823
                    126,                  1.558,                 1.4923,                 1.6154,                0.70542,                0.69459,                0.59889,                0.33876,                 1.6504,                 9.0434,                 1.1583,             0.00087724,             0.00087724,             0.00087724
                    127,                 1.4534,                 1.3013,                 1.4581,                0.64951,                0.65588,                0.59892,                0.31925,                 2.4978,                 8.7149,                  1.406,             0.00087625,             0.00087625,             0.00087625
                    128,                 1.4387,                 1.2638,                 1.4642,                0.70936,                0.62059,                 0.6133,                0.31437,                 3.6741,                 19.512,                 1.7828,             0.00087526,             0.00087526,             0.00087526
                    129,                 1.5163,                 1.4379,                 1.5656,                0.62359,                0.66785,                0.56492,                0.29059,                 3.7546,                 23.249,                 1.8345,             0.00087427,             0.00087427,             0.00087427
                    130,                 1.4192,                 1.2163,                 1.4383,                0.66678,                0.64369,                0.58623,                0.32954,                 2.1459,                 13.819,                 1.2999,             0.00087328,             0.00087328,             0.00087328
                    131,                 1.5454,                 1.3814,                 1.5393,                0.66254,                0.62926,                0.60581,                0.36878,                 3.1306,                 6.0868,                 1.6008,             0.00087229,             0.00087229,             0.00087229
                    132,                 1.4778,                 1.4283,                 1.5498,                 0.7316,                0.69002,                0.61754,                0.32825,                 3.5097,                  5.988,                 1.7748,              0.0008713,              0.0008713,              0.0008713
                    133,                 1.5857,                 1.4742,                 1.5527,                0.61111,                0.69136,                0.57946,                0.31046,                 3.2167,                 6.2997,                 1.6908,             0.00087031,             0.00087031,             0.00087031
                    134,                 1.5333,                  1.457,                 1.5191,                0.65629,                0.73764,                0.60072,                0.32111,                 3.0978,                 4.5657,                 1.6994,             0.00086932,             0.00086932,             0.00086932
                    135,                 1.4715,                  1.362,                 1.4748,                 0.6758,                0.66208,                0.55104,                0.29888,                 3.0065,                 4.8414,                 1.6374,             0.00086833,             0.00086833,             0.00086833
                    136,                  1.405,                 1.2233,                 1.4109,                0.78751,                0.58712,                0.52708,                0.29751,                  2.779,                 4.1754,                 1.5688,             0.00086734,             0.00086734,             0.00086734
                    137,                 1.4766,                 1.2736,                 1.4388,                0.81071,                0.58464,                0.58682,                0.30432,                 2.8711,                 2.6243,                 1.6217,             0.00086635,             0.00086635,             0.00086635
                    138,                 1.5196,                 1.3998,                 1.4993,                0.71755,                0.64082,                0.61164,                0.32847,                 2.5754,                 3.1078,                  1.527,             0.00086536,             0.00086536,             0.00086536
                    139,                  1.452,                 1.2813,                 1.4728,                0.64302,                0.67193,                0.58279,                0.30297,                  2.603,                 3.7598,                 1.5595,             0.00086437,             0.00086437,             0.00086437
                    140,                 1.4791,                 1.3582,                 1.4005,                0.71544,                0.59398,                0.61452,                0.33511,                 2.6414,                 3.0218,                 1.5561,             0.00086338,             0.00086338,             0.00086338
                    141,                 1.6759,                 1.5464,                 1.5426,                0.72003,                0.62552,                0.58124,                0.29461,                  2.734,                 2.5942,                 1.5962,             0.00086239,             0.00086239,             0.00086239
                    142,                 1.5003,                 1.3078,                 1.4541,                 0.3935,                0.64423,                0.49844,                0.25881,                 2.6755,                 2.5207,                 1.5804,              0.0008614,              0.0008614,              0.0008614
                    143,                 1.5744,                 1.3451,                  1.468,                0.46338,                 0.6096,                0.52174,                0.30842,                 2.4577,                 2.3674,                 1.4649,             0.00086041,             0.00086041,             0.00086041
                    144,                 1.4874,                 1.2648,                 1.4535,                0.56284,                0.65157,                0.57793,                0.31541,                 2.3895,                 3.0435,                  1.449,             0.00085942,             0.00085942,             0.00085942
                    145,                 1.5281,                 1.5279,                 1.4821,                0.53938,                0.69636,                0.60283,                0.32316,                 2.3316,                 2.3831,                 1.4301,             0.00085843,             0.00085843,             0.00085843
                    146,                 1.5017,                 1.3447,                 1.5169,                0.56761,                0.65055,                0.58711,                0.33887,                 2.2853,                 2.3191,                 1.4339,             0.00085744,             0.00085744,             0.00085744
                    147,                 1.4119,                 1.1872,                 1.3993,                0.69232,                0.66888,                0.61299,                0.34356,                 2.2302,                 2.3372,                 1.4233,             0.00085645,             0.00085645,             0.00085645
                    148,                 1.3792,                 1.1363,                 1.3774,                0.59715,                0.66958,                0.62345,                0.34628,                 2.2334,                 1.9575,                 1.4048,             0.00085546,             0.00085546,             0.00085546
                    149,                  1.417,                 1.2202,                 1.3962,                0.56904,                0.70002,                0.61169,                0.33424,                 2.2765,                  2.084,                  1.416,             0.00085447,             0.00085447,             0.00085447
                    150,                 1.4653,                 1.2365,                 1.4104,                0.58722,                0.70703,                0.66001,                 0.3352,                  2.282,                 2.8604,                 1.3913,             0.00085348,             0.00085348,             0.00085348
                    151,                 1.4859,                 1.2618,                 1.4099,                0.59232,                0.73894,                0.65648,                0.34322,                 2.2777,                 2.2865,                 1.3891,             0.00085249,             0.00085249,             0.00085249
                    152,                 1.5038,                 1.3708,                 1.5257,                0.61288,                0.74018,                0.66458,                0.33639,                 2.2342,                 1.9854,                  1.447,              0.0008515,              0.0008515,              0.0008515
                    153,                  1.485,                 1.2744,                 1.4525,                0.63305,                0.75693,                0.68415,                0.36843,                 2.0901,                 2.2279,                 1.3722,             0.00085051,             0.00085051,             0.00085051
                    154,                 1.4622,                 1.2471,                  1.419,                0.62179,                 0.7284,                0.69076,                0.37839,                 2.0408,                 2.2072,                 1.3572,             0.00084952,             0.00084952,             0.00084952
                    155,                 1.4717,                 1.2857,                 1.3791,                 0.6877,                0.69053,                0.69797,                0.36651,                 2.0764,                 1.6291,                  1.362,             0.00084853,             0.00084853,             0.00084853
                    156,                 1.5226,                 1.3132,                 1.4606,                0.69239,                0.65104,                0.69455,                0.36604,                 2.0227,                 1.8763,                 1.3993,             0.00084754,             0.00084754,             0.00084754
                    157,                 1.3713,                 1.1886,                 1.3929,                0.67617,                0.64078,                0.69002,                0.35839,                 2.0911,                 2.1995,                 1.3965,             0.00084655,             0.00084655,             0.00084655
                    158,                 1.5983,                 1.4261,                  1.469,                 0.5792,                0.76783,                0.66606,                0.35734,                   1.98,                 1.9336,                 1.3417,             0.00084556,             0.00084556,             0.00084556
                    159,                 1.4497,                 1.2739,                 1.3652,                0.61206,                0.73768,                0.66744,                0.34943,                 2.0174,                 1.9288,                 1.3551,             0.00084457,             0.00084457,             0.00084457
                    160,                 1.4602,                  1.293,                 1.4478,                0.65919,                0.80031,                   0.71,                0.37037,                 1.9605,                 1.9703,                 1.3336,             0.00084358,             0.00084358,             0.00084358
                    161,                 1.5224,                 1.2877,                 1.4732,                 0.6878,                0.73194,                 0.7113,                0.35511,                 2.0229,                 1.5126,                 1.3914,             0.00084259,             0.00084259,             0.00084259
                    162,                 1.4979,                 1.2117,                 1.3956,                0.76122,                0.75257,                0.77479,                0.37752,                 1.8893,                 1.8974,                 1.3459,              0.0008416,              0.0008416,              0.0008416
                    163,                 1.5164,                 1.3315,                 1.4928,                0.68613,                0.69467,                0.66853,                0.38067,                 1.8325,                 1.6313,                 1.3047,             0.00084061,             0.00084061,             0.00084061
                    164,                 1.4275,                 1.1948,                 1.3991,                0.58751,                0.76932,                0.67284,                0.37266,                 1.9226,                 1.3988,                 1.3213,             0.00083962,             0.00083962,             0.00083962
                    165,                 1.3752,                 1.1381,                 1.3633,                0.60238,                0.80066,                0.69499,                0.38135,                 1.9206,                 1.5644,                 1.3717,             0.00083863,             0.00083863,             0.00083863
                    166,                 1.4705,                  1.187,                 1.3857,                 0.6214,                0.76131,                0.69308,                0.37398,                 1.8531,                 1.6195,                 1.3332,             0.00083764,             0.00083764,             0.00083764
                    167,                 1.4299,                 1.1959,                 1.3749,                0.59935,                0.74472,                0.70164,                0.37391,                 1.8481,                 1.2558,                 1.3158,             0.00083665,             0.00083665,             0.00083665
                    168,                 1.3321,                 1.1309,                 1.3414,                0.60256,                0.81987,                0.68372,                0.37812,                 1.7944,                 1.4926,                 1.2837,             0.00083566,             0.00083566,             0.00083566
                    169,                 1.4785,                 1.3523,                 1.2936,                0.66829,                0.75101,                0.68457,                0.36548,                 1.8906,                 1.7368,                 1.3333,             0.00083467,             0.00083467,             0.00083467
                    170,                  1.362,                 1.1367,                 1.3295,                0.53363,                0.75876,                0.66766,                0.35028,                 1.9315,                 1.4134,                 1.3561,             0.00083368,             0.00083368,             0.00083368
                    171,                 1.3769,                 1.1442,                 1.3169,                0.53489,                0.70012,                0.65278,                 0.3393,                 1.8597,                 1.6127,                 1.3287,             0.00083269,             0.00083269,             0.00083269
                    172,                 1.4519,                 1.1519,                 1.3812,                0.64802,                0.78074,                0.72204,                0.36224,                 1.8302,                  2.004,                 1.3352,              0.0008317,              0.0008317,              0.0008317
                    173,                 1.3478,                 1.1055,                 1.3763,                0.66832,                0.78895,                0.71768,                0.35949,                 1.8359,                 1.6211,                 1.3234,             0.00083071,             0.00083071,             0.00083071
                    174,                 1.3796,                 1.1844,                 1.2994,                0.66835,                0.81158,                0.73891,                0.36034,                 1.9435,                 1.4473,                 1.3807,             0.00082972,             0.00082972,             0.00082972
                    175,                  1.409,                 1.1372,                 1.3986,                0.73118,                0.78345,                0.75149,                0.36832,                 1.9104,                 1.5382,                 1.3406,             0.00082873,             0.00082873,             0.00082873
                    176,                  1.454,                 1.1522,                 1.3698,                0.75519,                0.77081,                0.76122,                0.39512,                 1.8269,                 1.1967,                 1.3126,             0.00082774,             0.00082774,             0.00082774
                    177,                 1.4772,                   1.28,                 1.3862,                0.68414,                 0.7255,                 0.7305,                0.38125,                 1.9005,                  1.284,                 1.3234,             0.00082675,             0.00082675,             0.00082675
                    178,                 1.4109,                 1.3006,                 1.3665,                0.61446,                0.78076,                0.72068,                0.36944,                  1.867,                 1.7848,                 1.3188,             0.00082576,             0.00082576,             0.00082576
                    179,                  1.423,                 1.2314,                 1.3639,                0.67996,                0.70792,                0.66297,                0.35407,                 1.8693,                  1.994,                 1.3287,             0.00082477,             0.00082477,             0.00082477
                    180,                 1.3541,                 1.1391,                 1.3322,                 0.7009,                0.68278,                0.68697,                0.37292,                  1.818,                 2.0389,                 1.3136,             0.00082378,             0.00082378,             0.00082378
                    181,                 1.3949,                 1.1929,                 1.3552,                0.61303,                0.77278,                0.69577,                0.34698,                 1.8474,                 1.7862,                 1.3289,             0.00082279,             0.00082279,             0.00082279
                    182,                 1.4097,                 1.1824,                 1.3192,                0.65889,                0.76963,                0.70758,                0.35471,                  1.831,                 1.4344,                 1.3316,              0.0008218,              0.0008218,              0.0008218
                    183,                 1.3242,                 1.1597,                 1.3277,                0.56823,                0.70413,                0.70261,                0.37142,                 1.8254,                 1.3213,                 1.2878,             0.00082081,             0.00082081,             0.00082081
                    184,                 1.4325,                 1.2326,                 1.3834,                0.60776,                0.65399,                0.69455,                0.36956,                 1.8488,                 1.2322,                 1.3059,             0.00081982,             0.00081982,             0.00081982
                    185,                 1.4076,                  1.138,                 1.3231,                0.67368,                0.77288,                0.72334,                0.38776,                 1.8421,                 1.1359,                 1.3198,             0.00081883,             0.00081883,             0.00081883
                    186,                 1.3444,                 1.0946,                 1.2785,                0.67008,                 0.7661,                0.72821,                0.38669,                 1.7531,                 1.3593,                 1.2972,             0.00081784,             0.00081784,             0.00081784
                    187,                 1.4414,                 1.1923,                 1.3628,                0.72441,                0.83241,                0.80972,                0.40568,                 1.7351,                 1.4025,                  1.274,             0.00081685,             0.00081685,             0.00081685
                    188,                 1.3864,                  1.148,                 1.3594,                0.63254,                 0.8706,                 0.7596,                0.37801,                  1.763,                 1.2294,                 1.2864,             0.00081586,             0.00081586,             0.00081586
                    189,                 1.3802,                 1.1297,                 1.3401,                0.66971,                0.76716,                0.73507,                0.37472,                 1.7597,                  1.531,                  1.316,             0.00081487,             0.00081487,             0.00081487
                    190,                 1.3642,                 1.0381,                 1.2912,                0.65289,                0.80484,                0.71124,                0.36767,                 1.8254,                 1.4971,                  1.336,             0.00081388,             0.00081388,             0.00081388
                    191,                 1.4177,                 1.1808,                 1.3434,                  0.653,                0.77693,                0.74334,                0.37376,                 1.8921,                 1.6098,                 1.3036,             0.00081289,             0.00081289,             0.00081289
                    192,                 1.3855,                 1.1889,                 1.3869,                0.63342,                0.77419,                0.74444,                0.39303,                 1.7778,                  1.436,                 1.2994,              0.0008119,              0.0008119,              0.0008119
                    193,                 1.3127,                 1.0606,                 1.2591,                0.66247,                0.81976,                0.72614,                0.38356,                 1.8704,                 1.5387,                 1.3427,             0.00081091,             0.00081091,             0.00081091
                    194,                 1.4379,                 1.1719,                 1.3361,                0.62403,                0.75938,                0.71538,                0.38682,                 1.8542,                 1.3308,                 1.2989,             0.00080992,             0.00080992,             0.00080992
                    195,                 1.2733,                 1.0703,                 1.2934,                0.79895,                0.73011,                0.72099,                 0.3989,                 1.8051,                 1.4257,                 1.3155,             0.00080893,             0.00080893,             0.00080893
                    196,                 1.3204,                 1.1402,                 1.3095,                0.58317,                0.80112,                0.73105,                0.39199,                 1.8162,                 1.3756,                 1.3249,             0.00080794,             0.00080794,             0.00080794
                    197,                  1.289,                 1.0761,                  1.326,                0.65254,                0.76171,                0.71573,                 0.3991,                 1.7487,                 1.3894,                 1.3014,             0.00080695,             0.00080695,             0.00080695
                    198,                 1.3735,                 1.0269,                 1.3105,                0.58596,                0.83569,                0.74141,                0.39814,                 1.7221,                 1.6281,                 1.2968,             0.00080596,             0.00080596,             0.00080596
                    199,                 1.2803,                 1.0652,                 1.2978,                0.68353,                0.76844,                0.74179,                0.37986,                  1.815,                  1.611,                 1.3158,             0.00080497,             0.00080497,             0.00080497
                    200,                 1.2921,                 1.0613,                 1.2993,                0.61663,                0.82612,                0.72176,                0.38912,                 1.8418,                  1.339,                 1.3159,             0.00080398,             0.00080398,             0.00080398
                    201,                 1.3225,                  1.036,                 1.3076,                0.72472,                0.84831,                0.75946,                0.38994,                 1.6993,                 1.3934,                 1.3068,             0.00080299,             0.00080299,             0.00080299
                    202,                 1.3359,                 1.0819,                 1.2952,                0.74619,                0.79007,                0.81119,                0.40354,                 1.6942,                 1.3075,                 1.3047,               0.000802,               0.000802,               0.000802
                    203,                 1.3076,                 1.0672,                 1.3332,                0.74119,                 0.7502,                0.76985,                0.38218,                 1.7322,                 1.6794,                 1.2969,             0.00080101,             0.00080101,             0.00080101
                    204,                 1.3689,                 1.1374,                 1.3177,                0.66955,                0.73487,                0.70532,                0.37758,                 1.7427,                 1.8731,                 1.2917,             0.00080002,             0.00080002,             0.00080002
                    205,                 1.3503,                 1.1239,                 1.2768,                0.63152,                0.79545,                0.70066,                0.37159,                 1.7599,                 1.5775,                 1.3106,             0.00079903,             0.00079903,             0.00079903
                    206,                 1.3376,                 1.0509,                 1.2827,                0.64688,                0.75098,                0.72663,                0.37574,                 1.7984,                 1.4872,                 1.3044,             0.00079804,             0.00079804,             0.00079804
                    207,                 1.3252,                 1.0154,                 1.3022,                0.69093,                0.73911,                0.74547,                0.39158,                 1.8522,                 1.6398,                 1.3023,             0.00079705,             0.00079705,             0.00079705
                    208,                 1.2966,                0.97827,                 1.2665,                0.69278,                0.72862,                0.77661,                0.41134,                 1.7818,                 1.2901,                 1.3018,             0.00079606,             0.00079606,             0.00079606
                    209,                 1.3265,                 1.1158,                 1.2861,                0.73787,                0.76755,                0.80042,                0.41294,                 1.7268,                 1.1639,                 1.3271,             0.00079507,             0.00079507,             0.00079507
                    210,                 1.3055,                 1.0614,                 1.2911,                0.67687,                0.82999,                0.76874,                0.41086,                 1.7518,                 1.6964,                 1.3026,             0.00079408,             0.00079408,             0.00079408
                    211,                 1.3276,                 1.0702,                 1.2873,                0.68835,                0.78203,                0.74886,                 0.3914,                   1.71,                 1.4025,                 1.2923,             0.00079309,             0.00079309,             0.00079309
                    212,                 1.2808,                0.99135,                 1.2825,                0.65985,                0.78575,                0.72566,                0.40113,                 1.7237,                 1.1026,                 1.3142,              0.0007921,              0.0007921,              0.0007921
                    213,                 1.2855,                0.99764,                 1.2489,                0.70812,                0.80732,                0.76727,                0.41293,                  1.735,                 1.1577,                 1.3083,             0.00079111,             0.00079111,             0.00079111
                    214,                 1.2915,                 1.0371,                 1.3089,                 0.7046,                0.75309,                0.74095,                0.42157,                 1.6762,                 1.2261,                 1.2986,             0.00079012,             0.00079012,             0.00079012
                    215,                 1.3811,                 1.1582,                 1.2447,                0.70393,                0.73083,                0.75372,                0.38232,                 1.7634,                  1.448,                 1.3078,             0.00078913,             0.00078913,             0.00078913
                    216,                 1.3169,                 1.0221,                 1.2747,                0.66928,                0.82363,                0.72823,                0.38984,                 1.7708,                 1.4201,                 1.3059,             0.00078814,             0.00078814,             0.00078814
                    217,                 1.2759,                 1.0073,                 1.2832,                0.64397,                0.77661,                0.73582,                0.40002,                 1.7435,                 1.3254,                 1.3248,             0.00078715,             0.00078715,             0.00078715
                    218,                 1.2868,                 1.0603,                 1.2622,                 0.6671,                0.73019,                0.70652,                 0.3797,                 1.6977,                 1.3003,                 1.3067,             0.00078616,             0.00078616,             0.00078616
                    219,                 1.3516,                 1.0344,                 1.2692,                 0.6872,                0.71627,                 0.7055,                0.35686,                 1.7292,                 1.3807,                 1.3004,             0.00078517,             0.00078517,             0.00078517
                    220,                 1.2636,                 1.0034,                 1.2808,                 0.6833,                0.68423,                0.69721,                0.37421,                 1.6468,                   1.65,                 1.2953,             0.00078418,             0.00078418,             0.00078418
                    221,                 1.2974,                 1.0097,                 1.2936,                0.69564,                0.71161,                0.73244,                0.37676,                 1.6497,                 1.6456,                 1.3306,             0.00078319,             0.00078319,             0.00078319
                    222,                 1.2994,                 1.0023,                 1.2523,                0.69319,                0.71864,                0.73162,                0.39545,                 1.5888,                 1.4576,                  1.295,              0.0007822,              0.0007822,              0.0007822
                    223,                 1.3122,                 1.0358,                 1.3235,                 0.6815,                0.76904,                0.71326,                0.39458,                 1.7984,                 1.3333,                 1.3294,             0.00078121,             0.00078121,             0.00078121
                    224,                  1.343,                 1.1229,                 1.2818,                0.67554,                0.81331,                0.78321,                0.43305,                 1.6528,                 1.3689,                 1.2797,             0.00078022,             0.00078022,             0.00078022
                    225,                 1.3321,                 1.0842,                 1.3299,                0.73603,                0.77685,                0.79787,                0.44531,                 1.6563,                 1.2778,                  1.261,             0.00077923,             0.00077923,             0.00077923
                    226,                 1.2785,                 1.0477,                 1.3147,                0.76771,                0.74151,                0.75018,                0.42109,                 1.6167,                 1.4167,                 1.2484,             0.00077824,             0.00077824,             0.00077824
                    227,                  1.264,                 1.0122,                 1.2459,                0.74417,                 0.7721,                0.72171,                 0.3997,                 1.7056,                 1.4806,                 1.2806,             0.00077725,             0.00077725,             0.00077725
                    228,                 1.3062,                 1.0684,                 1.2647,                0.72366,                0.68377,                0.70535,                 0.3786,                 1.6747,                 1.5863,                  1.279,             0.00077626,             0.00077626,             0.00077626
                    229,                 1.3176,                 1.0801,                 1.3026,                0.69034,                0.81027,                0.72598,                0.39412,                 1.6285,                 1.6312,                 1.2611,             0.00077527,             0.00077527,             0.00077527
                    230,                 1.2664,                 1.0124,                 1.2931,                0.72009,                0.74171,                 0.7376,                0.40356,                 1.7092,                 1.5261,                 1.2941,             0.00077428,             0.00077428,             0.00077428
                    231,                 1.2913,                 1.0218,                 1.2671,                0.73975,                0.67054,                0.74091,                0.38821,                 1.6471,                  1.227,                 1.2942,             0.00077329,             0.00077329,             0.00077329
                    232,                 1.2532,                 1.0815,                 1.2939,                0.72237,                 0.7028,                 0.7099,                0.36057,                 1.7508,                 1.3873,                 1.3138,              0.0007723,              0.0007723,              0.0007723
                    233,                 1.2837,                 1.0424,                   1.26,                0.70188,                0.76454,                 0.7196,                0.37406,                 1.6662,                 1.4171,                 1.2933,             0.00077131,             0.00077131,             0.00077131
                    234,                 1.2673,                 1.0668,                 1.2898,                0.71177,                0.75717,                0.77778,                0.39222,                 1.7168,                 1.3689,                 1.3066,             0.00077032,             0.00077032,             0.00077032
                    235,                 1.2712,                0.92442,                 1.2298,                0.62739,                0.73922,                0.71489,                0.36229,                 2.0548,                 1.4652,                  1.343,             0.00076933,             0.00076933,             0.00076933
                    236,                 1.2687,                 1.0241,                 1.2461,                0.67157,                0.75801,                0.73025,                0.38122,                  1.731,                 1.2179,                 1.3165,             0.00076834,             0.00076834,             0.00076834
                    237,                 1.2603,                0.92013,                 1.2354,                0.69728,                0.76567,                0.73955,                0.38788,                 1.7665,                 1.2748,                 1.3168,             0.00076735,             0.00076735,             0.00076735
                    238,                 1.2355,                0.89437,                 1.2058,                0.71743,                0.75297,                0.74328,                0.37823,                 1.7903,                 1.3777,                 1.3256,             0.00076636,             0.00076636,             0.00076636
                    239,                 1.2665,                0.94498,                 1.2458,                0.70079,                0.75891,                0.72974,                0.38852,                 1.8211,                 1.5272,                 1.3068,             0.00076537,             0.00076537,             0.00076537
                    240,                 1.2139,                0.91534,                 1.2209,                0.68252,                0.79311,                0.72396,                0.39177,                 1.7283,                 1.4711,                  1.307,             0.00076438,             0.00076438,             0.00076438
                    241,                   1.29,                0.99626,                  1.306,                0.70536,                0.75468,                0.76432,                0.40946,                 1.7986,                 1.5195,                 1.2919,             0.00076339,             0.00076339,             0.00076339
                    242,                 1.2649,                0.96016,                 1.2846,                0.64002,                0.81451,                0.74724,                0.40071,                 1.7014,                 1.5725,                 1.3179,              0.0007624,              0.0007624,              0.0007624
                    243,                 1.1908,                0.88006,                 1.2007,                0.66102,                0.78108,                0.74059,                0.40448,                 1.7066,                 1.5304,                 1.3059,             0.00076141,             0.00076141,             0.00076141
                    244,                 1.3442,                 1.0084,                 1.2818,                0.69505,                0.83518,                  0.756,                 0.4119,                 1.7163,                 1.4831,                  1.311,             0.00076042,             0.00076042,             0.00076042
                    245,                 1.1934,                0.96955,                 1.2236,                0.72849,                0.81223,                0.76868,                 0.4156,                 1.7487,                 1.2266,                 1.3029,             0.00075943,             0.00075943,             0.00075943
                    246,                 1.2403,                  1.004,                 1.2405,                0.62979,                 0.7483,                0.70482,                0.38973,                 1.6634,                 1.1655,                 1.2991,             0.00075844,             0.00075844,             0.00075844
                    247,                 1.2887,                 1.0622,                 1.2757,                0.64167,                0.69761,                 0.6901,                0.36815,                 1.7146,                 1.5569,                 1.3276,             0.00075745,             0.00075745,             0.00075745
                    248,                  1.336,                 1.0261,                 1.2593,                0.70278,                0.70338,                0.68642,                0.34788,                 1.9362,                 1.6285,                 1.3538,             0.00075646,             0.00075646,             0.00075646
                    249,                 1.1995,                0.99057,                 1.2507,                0.69867,                0.75793,                0.71437,                0.39596,                 1.6945,                 1.2644,                  1.325,             0.00075547,             0.00075547,             0.00075547
                    250,                 1.1838,                0.89196,                 1.2522,                0.74624,                 0.7592,                0.73585,                0.40475,                 1.7003,                 1.3804,                 1.2917,             0.00075448,             0.00075448,             0.00075448
                    251,                  1.186,                  1.023,                 1.2114,                0.70278,                0.68409,                0.73838,                0.39643,                 1.6458,                  1.261,                 1.2599,             0.00075349,             0.00075349,             0.00075349
                    252,                 1.1755,                0.93164,                 1.2398,                0.69075,                0.75225,                0.73857,                0.40491,                 1.6296,                 1.2491,                 1.2994,              0.0007525,              0.0007525,              0.0007525
                    253,                 1.2424,                0.93127,                 1.2117,                0.65226,                0.70789,                0.73254,                0.38824,                 1.6268,                 1.3957,                 1.3079,             0.00075151,             0.00075151,             0.00075151
                    254,                 1.2539,                0.93003,                 1.2363,                0.66214,                0.75484,                0.73179,                0.40645,                 1.5588,                 1.3452,                 1.2763,             0.00075052,             0.00075052,             0.00075052
                    255,                 1.2174,                0.91742,                 1.2444,                0.70095,                0.73594,                0.73009,                0.40201,                 1.6092,                 1.3988,                 1.2753,             0.00074953,             0.00074953,             0.00074953
                    256,                 1.2739,                 1.0069,                  1.279,                 0.6988,                0.72808,                0.74937,                 0.4093,                 1.6131,                 1.3878,                 1.2772,             0.00074854,             0.00074854,             0.00074854
                    257,                 1.2337,                0.99114,                 1.3096,                0.71445,                0.73473,                0.73136,                0.40253,                  1.697,                 1.3202,                 1.2942,             0.00074755,             0.00074755,             0.00074755
                    258,                 1.2698,                 1.0298,                 1.2838,                0.70404,                0.74555,                0.75438,                0.41961,                 1.6888,                 1.6169,                  1.287,             0.00074656,             0.00074656,             0.00074656
                    259,                 1.2462,                0.98294,                 1.2594,                0.75315,                0.73864,                 0.7562,                0.41776,                 1.6597,                 1.6063,                 1.2912,             0.00074557,             0.00074557,             0.00074557
                    260,                 1.2148,                 0.8383,                 1.2299,                 0.7655,                0.82701,                0.79851,                0.42946,                 1.6389,                 1.3507,                 1.3018,             0.00074458,             0.00074458,             0.00074458
                    261,                 1.1773,                 0.8975,                  1.194,                0.83555,                0.83085,                0.86001,                0.42245,                 1.6395,                 1.3304,                 1.2991,             0.00074359,             0.00074359,             0.00074359
                    262,                 1.1949,                 0.9198,                 1.2278,                0.75757,                0.75996,                0.78281,                0.41453,                 1.6586,                 1.2856,                 1.2866,              0.0007426,              0.0007426,              0.0007426
                    263,                  1.211,                0.93447,                 1.2501,                0.67339,                0.78413,                0.73753,                0.38188,                 1.6611,                 1.3817,                 1.3217,             0.00074161,             0.00074161,             0.00074161
                    264,                 1.2058,                0.93308,                 1.2266,                0.65204,                0.81464,                0.72867,                0.37848,                  1.734,                 1.7407,                 1.3101,             0.00074062,             0.00074062,             0.00074062
                    265,                 1.1729,                  0.929,                 1.1975,                0.66837,                0.74823,                 0.7155,                0.37894,                 1.7695,                  1.629,                 1.3494,             0.00073963,             0.00073963,             0.00073963
                    266,                 1.2471,                 0.9288,                 1.2466,                0.64249,                0.75906,                0.71209,                0.38632,                 1.6812,                 1.4403,                 1.3265,             0.00073864,             0.00073864,             0.00073864
                    267,                 1.2057,                0.91505,                  1.234,                0.71839,                0.78832,                0.72442,                0.38597,                 1.6876,                 1.5372,                 1.2995,             0.00073765,             0.00073765,             0.00073765
                    268,                 1.1899,                0.89825,                 1.1989,                0.71325,                0.70477,                 0.7255,                0.40467,                 1.6225,                 1.5211,                 1.2779,             0.00073666,             0.00073666,             0.00073666
                    269,                 1.2125,                0.89774,                 1.2268,                0.73929,                0.61882,                 0.6922,                0.35729,                 1.7134,                 1.4379,                 1.2766,             0.00073567,             0.00073567,             0.00073567
                    270,                 1.1672,                0.89199,                 1.1956,                0.71024,                0.67777,                0.69749,                0.37283,                 1.7829,                 1.2625,                 1.2971,             0.00073468,             0.00073468,             0.00073468
                    271,                 1.2007,                0.85784,                  1.227,                0.70594,                0.78498,                 0.7515,                0.40476,                   1.66,                 1.2336,                 1.2941,             0.00073369,             0.00073369,             0.00073369
                    272,                 1.1745,                0.85338,                 1.1965,                0.71799,                0.80425,                0.72806,                0.38005,                 1.7326,                  1.352,                 1.3195,              0.0007327,              0.0007327,              0.0007327
                    273,                  1.201,                0.93619,                 1.2155,                0.70051,                0.80859,                0.72954,                0.39803,                 1.7141,                 1.5051,                 1.2889,             0.00073171,             0.00073171,             0.00073171
                    274,                 1.1636,                0.93497,                 1.1594,                0.75081,                0.74625,                0.78209,                0.40793,                 1.6448,                 1.3617,                 1.2815,             0.00073072,             0.00073072,             0.00073072
                    275,                 1.2061,                 0.8986,                 1.2337,                0.66398,                0.93575,                0.78682,                0.40328,                 1.6862,                 1.5125,                 1.3129,             0.00072973,             0.00072973,             0.00072973
